image_path,model,status,response_time_seconds,ai_response
../ImageDataset/Apples.jpg,google/gemini-2.5-flash-lite,success,2.62,"The main subject is a collection of fresh apples. The apples are round and appear to be of various types, displaying colors of bright red, vibrant green, and yellow. They are arranged closely together, filling the frame, and some have small water droplets on their smooth skins."
../ImageDataset/Bicycles_parked.jpg,google/gemini-2.5-flash-lite,success,2.84,"The main subject is a large rack of parked bicycles. The bicycles are predominantly black and silver, with some featuring black leather or vinyl seats and orange or pink seat covers. Many have black metal frames and handlebars, and some have visible racks and fenders. One bicycle seat has the text ""XRM Components"" printed on it."
../ImageDataset/Blurry_city.jpg,google/gemini-2.5-flash-lite,success,2.23,"The main subject is a wet city street at night, likely in an urban area with tall buildings. The scene is dominated by reflections of colorful neon lights and streetlights on the dark, wet asphalt, creating a vibrant, abstract pattern of blues, yellows, and reds. A car appears to be driving on the right side of the road, its taillights blurred by the motion and the wet conditions."
../ImageDataset/Chair.jpg,google/gemini-2.5-flash-lite,success,2.47,"A wooden chair with a light brown finish is presented against a white background. The chair features a solid seat, four square legs, and a backrest composed of two horizontal slats supported by two vertical posts. The material appears to be pine or a similar light-colored wood."
../ImageDataset/Chair2.jpg,google/gemini-2.5-flash-lite,success,1.56,"The main subject is a gray velvet armchair with a tufted backrest. It features a rounded seat and back, with wooden legs that appear to be angled outwards. The chair is presented against a plain white background."
../ImageDataset/Coffee_in_a_mug.jpg,google/gemini-2.5-flash-lite,success,2.4,"A white ceramic mug, likely for coffee, contains a light brown liquid. The mug has a curved handle and sits on a wooden surface. In the background, a white plate with food is visible."
../ImageDataset/Cute_seal.jpg,google/gemini-2.5-flash-lite,success,1.99,"A young seal, likely a harp seal pup, lies on its back in a bright blue, possibly water-filled, environment. Its fur is white and fluffy, with dark, round eyes and a small, dark nose. The seal's body is elongated and rounded, with flippers tucked close to its body."
../ImageDataset/Dog_Couch.jpg,google/gemini-2.5-flash-lite,success,3.18,"A brindle boxer dog with a white chest patch rests on a brown, stitched couch. The dog is lying on a white and light blue striped blanket. The couch appears to be made of faux leather or microfiber."
../ImageDataset/Kitchen_interior_design.jpg,google/gemini-2.5-flash-lite,success,2.33,"The main subject is a kitchen scene featuring a stainless steel gas range with a matching hood. The backsplash is composed of small, square, beige stone tiles, and the countertops appear to be granite with a speckled pattern. Wooden cabinets with dark hardware frame the scene, and decorative items like a colorful vase and a framed artwork are present on the counter."
../ImageDataset/Laptop_on_a_desk.jpg,google/gemini-2.5-flash-lite,success,2.91,"The main subject is a laptop displaying Adobe Lightroom, likely used for photo editing. The laptop is silver and black, with a bright white lampshade and wooden tripod lamp to its left. A small green plant in a brown pot and a glass jar with dark contents are to its right."
../ImageDataset/Pedestrians_crossing_the_a_busy_street.jpg,google/gemini-2.5-flash-lite,success,3.73,"The main subject is a busy street scene in an urban environment, likely in Africa, with pedestrians and vehicles. Buildings with red and white facades are visible, along with a billboard advertising ""DVBS AUGUST 2019"". A police vehicle with the word ""POLICE"" is also present."
../ImageDataset/Picture_of_computer_desk.jpg,google/gemini-2.5-flash-lite,success,5.71,"The main subject is a black gaming mouse and a portion of a white and gray mechanical keyboard. The keyboard has illuminated blue keys, and the mouse features illuminated white accents on its side and scroll wheel. Both are situated on a black desk mat with a stitched white border."
../ImageDataset/Riding_a_bike_in_the_park.jpg,google/gemini-2.5-flash-lite,success,2.79,"A woman with curly brown hair rides a bicycle with a large black bag attached to the rear rack. The bag has a white circular logo with red text that appears to read ""COLMAR."" The scene is a park with a gravel path, green grass, trees, and a wooden fence."
../ImageDataset/Seal.jpg,google/gemini-2.5-flash-lite,success,2.28,"The main subject is a Weddell seal, a marine mammal with light gray fur and dark eyes. Its rounded head and smooth, blubbery body are characteristic of its species. The seal is positioned in a close-up shot, with a blurred, icy background suggesting its natural habitat."
../ImageDataset/Traffic_Sign_post.jpg,google/gemini-2.5-flash-lite,success,3.55,"A yellow diamond-shaped traffic sign with black text reading ""SLOW DOWN"" is prominently displayed on a dark pole. The sign is positioned on the right side of a paved road, with a blurred background showing buildings, vehicles, and people. The scene appears to be an urban or semi-urban environment, possibly in a region with a warm climate."
../ImageDataset/White_mug.jpg,google/gemini-2.5-flash-lite,success,2.47,"A plain white ceramic mug with a cylindrical body and a C-shaped handle sits on a wooden surface. The mug is positioned in front of a blurred background of white and yellow string lights, possibly indicating a festive or cozy setting. No text is visible on the mug."
